Plik źródłowy;Uczeń;Status;Uwagi
Klasyfikacja_roczna_4o_SLO.csv;Brzozowska Anna;zaktualizowano — moduł VIII, wpisanych ocen: 11;"Przedmiot „język francuski” ma ocenę w module VIII, a formularz przewiduje dla tego wiersza moduły I, II, III, IV, V, VI, VII. Ocena została wpisana — sprawdź, czy trafiła we właściwy wiersz.
Przedmiot „historia sztuki kl. 4” ma ocenę w module VIII, a formularz przewiduje dla tego wiersza moduły III, IV, V, VI, VII. Ocena została wpisana — sprawdź, czy trafiła we właściwy wiersz."
Klasyfikacja_roczna_4o_SLO.csv;Dąbrowski Marcel;zaktualizowano — moduł VIII, wpisanych ocen: 10;Przedmiot „fakultet matematyka” ma ocenę w module VIII, a formularz przewiduje dla tego wiersza moduły III, IV, V, VI, VII. Ocena została wpisana — sprawdź, czy trafiła we właściwy wiersz.
Klasyfikacja_roczna_4o_SLO.csv;Kwiatkowska Zofia;zaktualizowano — moduł VIII, wpisanych ocen: 11;"Uczeń ma oceny z więcej niż jednego języka podstawowego (język angielski, język niemiecki). Do wiersza podstawowego wpisano ""język angielski"" (pierwszy alfabetycznie), pozostałe trafiły do zajęć zindywidualizowanych — sprawdź.
Przedmiot „język niemiecki” ma ocenę w module VIII, a formularz przewiduje dla tego wiersza moduły I, II, III, IV, V, VI, VII. Ocena została wpisana — sprawdź, czy trafiła we właściwy wiersz.
Przedmiot „historia sztuki kl. 4” ma ocenę w module VIII, a formularz przewiduje dla tego wiersza moduły III, IV, V, VI, VII. Ocena została wpisana — sprawdź, czy trafiła we właściwy wiersz."
Klasyfikacja_roczna_4o_SLO.csv;Lis Bartosz;zaktualizowano — moduł VIII, wpisanych ocen: 9;"Nie da się jednoznacznie ustalić pola ""kierunek"" — pasuje kilka przedmiotów: film (film), teatr (teatr). Pole pozostawiono puste, a oceny trafiły do zajęć alternatywnych.
Przedmiot „film” ma ocenę w module VIII, a formularz przewiduje dla tego wiersza moduły III, IV, V, VI, VII. Ocena została wpisana — sprawdź, czy trafiła we właściwy wiersz.
Przedmiot „teatr” ma ocenę w module VIII, a formularz przewiduje dla tego wiersza moduły III, IV, V, VI, VII. Ocena została wpisana — sprawdź, czy trafiła we właściwy wiersz."
Klasyfikacja_roczna_4o_SLO.csv;Nowicka Helena;zaktualizowano — moduł VIII, wpisanych ocen: 11;"Przedmiot „język francuski” ma ocenę w module VIII, a formularz przewiduje dla tego wiersza moduły I, II, III, IV, V, VI, VII. Ocena została wpisana — sprawdź, czy trafiła we właściwy wiersz.
Przedmiot „fakultet historia sztuki” ma ocenę w module VIII, a formularz przewiduje dla tego wiersza moduły III, IV, V, VI, VII. Ocena została wpisana — sprawdź, czy trafiła we właściwy wiersz."
Klasyfikacja_roczna_4o_SLO.csv;Wróbel Ignacy;zaktualizowano — moduł VIII, wpisanych ocen: 9;Przedmiot „fakultet j. polski” ma ocenę w module VIII, a formularz przewiduje dla tego wiersza moduły III, IV, V, VI, VII. Ocena została wpisana — sprawdź, czy trafiła we właściwy wiersz.
